script_id,title,year,gross,writer,producer,director,total female words,total male words,percentage female,percentage male
633,A Serious Man,2009,10,m,m,m,3763,8163,32%,68%
653,Ali,2001,89,m,m,m,857,8144,10%,90%
678,Analyze This,2002,48,m,m,m,759,12083,6%,94%
714,Bamboozled,2000,3,m,m,m,1835,9632,16%,84%
726,The Beach,2000,64,m,m,m,1605,9204,15%,85%
740,Big Fish,2003,95,m,m,m,2173,6953,24%,76%
745,The Black Dahlia,2006,29,m,m,m,3167,8247,28%,72%
781,Bruce Almighty,2003,350,m,m,m,3425,9584,26%,74%
785,Burn After Reading,2008,73,m,m,m,2471,5827,30%,70%
789,Cast Away,2000,377,m,f,m,867,4956,15%,85%
793,Cellular,2004,44,m,m,m,2063,7578,21%,79%
795,Changeling,2008,43,m,f,m,4177,8895,32%,68%
814,Confessions of a Dangerous Mind,2002,,m,m,m,1869,5453,26%,74%
815,Collateral Damage,2002,59,m,m,m,470,4222,10%,90%
818,Constantine,2005,102,m,m,m,2930,6784,30%,70%
822,Cradle 2 the Grave,2003,49,m,m,m,1003,7197,12%,88%
850,Death to Smoochy,2002,12,m,f,m,1810,7375,20%,80%
851,Deception,2008,5,m,m,m,972,7565,11%,89%
855,Defiance,2008,34,m,m,m,1521,9428,14%,86%
863,Disturbia,2007,101,m,f,m,1937,4410,31%,69%
879,Eagle Eye,2008,122,m,m,m,4113,4972,45%,55%
885,Elizabeth: The Golden Age,2007,20,m,m,m,3848,3468,53%,47%
915,Final Destination,2000,86,m,m,m,908,1971,32%,68%
935,G.I. Joe: The Rise of Cobra,2009,174,m,m,m,3173,10868,23%,77%
939,Gamer,2009,23,m,m,m,565,1657,25%,75%
942,Gangs of New York,2002,116,m,f,m,1419,10005,12%,88%
953,Ginger Snaps,2000,,f,f,m,7287,1640,82%,18%
962,Gothika,2003,85,m,m,m,8680,5568,61%,39%
988,Harold & Kumar Go to White Castle,2004,25,m,m,m,868,10055,8%,92%
989,Harry Potter and the Chamber of Secrets,2002,392,f,m,m,2440,14445,14%,86%
991,Harry Potter and the Sorcerer's Stone,2001,488,f,m,m,1582,6466,20%,80%
992,Harry Potter and the Prisoner of Azkaban,2004,348,f,m,m,3213,12268,21%,79%
1001,Heist,2001,,m,m,m,927,5664,14%,86%
1002,Hellboy II: The Golden Army,2008,91,m,m,m,1999,8230,20%,80%
1028,The Incredibles,2004,365,m,m,m,2749,3110,47%,53%
1041,Intolerable Cruelty,2003,50,m,m,m,3668,5092,42%,58%
1044,The Invention of Lying,2009,21,m,f,m,2038,6369,24%,76%
1046,The Italian Job,2003,152,m,m,m,686,3694,16%,84%
1062,Jurassic Park III,2001,278,m,m,m,824,3307,20%,80%
1091,Law Abiding Citizen,2009,85,m,m,m,1101,7994,12%,88%
1093,Legally Blonde,2001,146,f,m,m,7134,2754,72%,28%
1094,Legion,2010,44,m,m,m,3302,7482,31%,69%
1114,The Lord of the Rings: The Return of the King,2003,543,m,m,m,145,3888,4%,96%
1115,The Lord of the Rings: The Fellowship of the Ring,2001,482,m,m,m,1212,7483,14%,86%
1116,The Lord of the Rings: The Two Towers,2002,509,m,m,m,206,5260,4%,96%
1143,The Matrix Reloaded,2003,405,m,m,m,518,2533,17%,83%
1146,Max Payne,2008,49,m,m,m,319,3007,10%,90%
1153,Milk,2008,38,m,m,m,357,10769,3%,97%
1165,Mission to Mars,2000,98,m,m,m,1062,7302,13%,87%
1166,Monkeybone,2001,8,m,m,m,1667,4418,27%,73%
1186,New York Minute,2004,19,f,f,f,4557,2050,69%,31%
1190,Next,2007,22,m,m,m,2425,2931,45%,55%
1211,Orphan,2009,48,m,m,m,7734,3285,70%,30%
1212,The Other Boleyn Girl,2008,32,m,m,m,3541,3538,50%,50%
1213,Kate & Leopold,2001,72,m,m,m,841,4676,15%,85%
1215,Panic Room,2002,142,m,f,m,1617,2773,37%,63%
1216,The Pacifier,2005,153,m,m,m,1858,4341,30%,70%
1218,The Patriot,2000,182,m,m,m,275,6568,4%,96%
1219,Pearl Harbor,2001,305,m,m,m,1259,4988,20%,80%
1250,The Proposal,2009,190,m,f,f,7377,6460,53%,47%
1253,Punch-Drunk Love,2002,26,m,m,m,2853,4650,38%,62%
1258,The Queen,2006,74,m,m,m,2461,3096,44%,56%
1269,Red Planet,2000,28,m,m,m,2168,12584,15%,85%
1285,RocknRolla,2008,6,m,m,m,585,8530,6%,94%
1286,Romeo & Juliet,2013,1,m,m,m,2245,4269,34%,66%
1295,Save the Last Dance,2001,139,m,f,m,4047,4318,48%,52%
1325,Signs,2002,341,m,f,m,1070,4359,20%,80%
1339,Snatch.,2000,48,m,m,m,249,13373,2%,98%
1340,Smokin' Aces,2006,47,m,m,m,2051,8038,20%,80%
1349,Spanglish,2004,58,m,f,m,10720,4585,70%,30%
1351,Speed Racer,2008,53,m,f,m,1720,13103,12%,88%
1360,Star Wars: Episode II - Attack of the Clones,2002,465,m,m,m,1273,6242,17%,83%
1361,Star Trek,2009,299,m,m,m,682,6582,9%,91%
1389,TMNT,2007,68,m,m,m,1226,8248,13%,87%
1391,Taking Lives,2004,45,m,m,m,6515,3368,66%,34%
1401,Thirteen Days,2000,55,m,m,m,136,12417,1%,99%
1428,Tropic Thunder,2008,133,m,m,m,295,10296,3%,97%
1438,Unbreakable,2000,153,m,m,m,1206,4101,23%,77%
1444,V for Vendetta,2005,95,m,m,m,3717,5081,42%,58%
1447,Vanilla Sky,2001,155,m,m,m,2613,7786,25%,75%
1455,A Walk to Remember,2002,61,m,f,m,1710,3902,30%,70%
1458,Wanted,2008,163,m,m,m,4100,6353,39%,61%
1459,War of the Worlds,2005,317,m,m,m,589,1446,29%,71%
1461,Watchmen,2009,125,m,m,m,3055,8747,26%,74%
1465,We Own the Night,2007,36,m,m,m,623,7284,8%,92%
1467,While She Was Out,2008,,m,m,f,792,2342,25%,75%
1471,Whiteout,2009,11,m,m,m,1889,2232,46%,54%
1488,X-Men Origins: Wolverine,2009,208,m,m,m,2016,6798,23%,77%
1497,xXx,2002,211,m,m,m,998,7287,12%,88%
1509,2012,2009,192,m,m,m,2560,11574,18%,82%
1517,12 Years a Slave,2013,60,m,f,m,3452,16176,18%,82%
1520,127 Hours,2010,20,m,m,m,809,4336,16%,84%
1525,17 Again,2009,74,m,m,m,3806,12832,23%,77%
1530,30 Minutes or Less,2011,40,m,m,m,704,14278,5%,95%
1534,(500) Days of Summer,2009,37,m,m,m,5738,12762,31%,69%
1556,The Adjustment Bureau,2011,68,m,m,m,3222,12258,21%,79%
1603,All About Steve,2009,39,f,f,m,8644,6901,56%,44%
1606,Almost Famous,2000,52,m,m,m,6766,16484,29%,71%
1613,Amelia,2009,16,f,m,f,17014,13622,56%,44%
1628,American Hustle,2013,160,m,m,m,5507,16441,25%,75%
1634,American Outlaws,2001,20,m,m,m,911,10438,8%,92%
1639,American Psycho,2000,24,m,m,f,3212,13962,19%,81%
1647,The Amityville Asylum,2013,,m,m,m,5009,5769,46%,54%
1650,An Education,2009,14,f,f,f,14330,6292,69%,31%
1657,Angels & Demons,2009,154,m,m,m,2848,15272,16%,84%
1659,Anna Karenina,2012,13,m,m,m,4819,6147,44%,56%
1669,Antitrust,2001,16,m,m,m,3686,15668,19%,81%
1684,Arbitrage,2012,8,m,m,m,2198,9737,18%,82%
1691,Argo,2012,148,m,m,m,345,8919,4%,96%
1718,Avatar,2009,882,m,f,m,5962,11470,34%,66%
1723,The Avengers,2012,680,m,f,m,1723,11207,13%,87%
1727,Babel,2006,45,m,m,m,4118,11836,26%,74%
1734,The Back-up Plan,2010,41,f,m,m,8090,4246,66%,34%
1746,Bad Teacher,2011,109,m,m,m,10782,4489,71%,29%
1759,Basic,2003,38,m,m,m,2078,12456,14%,86%
1773,Batman Begins,2005,278,m,m,m,2096,10274,17%,83%
1792,Beasts of the Southern Wild,2012,13,f,m,m,2325,1706,58%,42%
1796,Beginners,2010,6,m,f,m,2502,8861,22%,78%
1810,The Best Exotic Marigold Hotel,2011,50,m,m,m,7094,9259,43%,57%
1841,Black Swan,2010,117,m,m,m,2444,1947,56%,44%
1846,Blade II,2002,122,m,m,m,2064,9512,18%,82%
1855,The Blind Side,2009,296,m,m,m,7890,7144,52%,48%
1856,The Bling Ring,2013,6,f,m,f,4193,1582,73%,27%
1863,Blow,2001,81,m,m,m,3342,21740,13%,87%
1886,The Book of Eli,2010,104,m,f,m,4598,14518,24%,76%
1902,The Bourne Identity,2002,181,m,m,m,1397,5041,22%,78%
1904,The Bourne Supremacy,2004,246,m,m,m,4048,6284,39%,61%
1907,The Bourne Ultimatum,2007,287,m,m,m,1996,8494,19%,81%
1909,The Box,2009,17,m,f,m,5008,8965,36%,64%
1922,Brick,2005,2,m,m,m,3234,16510,16%,84%
1925,Bridesmaids,2011,185,f,m,m,9010,2014,82%,18%
1933,Broken Embraces,2009,5,m,m,m,6200,8804,41%,59%
1943,Buried,2010,1,m,m,m,869,13700,6%,94%
1945,Burlesque,2010,43,m,f,m,10788,7068,60%,40%
1949,The Butterfly Effect,2004,,m,m,m,5396,14040,28%,72%
1955,Capote,2005,38,m,f,m,3472,19022,15%,85%
1957,Cars 2,2011,209,m,f,m,1511,11135,12%,88%
1962,Case 39,2009,15,m,f,m,5244,2926,64%,36%
1968,Catch Me If You Can,2002,245,m,m,m,1688,8913,16%,84%
1973,Cecil B. DeMented,2000,2,m,m,m,2009,5758,26%,74%
1974,Cedar Rapids,2011,7,m,m,m,1819,11418,14%,86%
1975,Celeste & Jesse Forever,2012,3,f,m,m,8350,5056,62%,38%
1976,The Cell,2000,98,m,m,m,4532,6556,41%,59%
1981,The Change-Up,2011,40,m,m,m,2761,16287,14%,86%
1989,Charlie's Angels,2000,201,m,f,m,6964,3608,66%,34%
1995,Cherry Falls,2000,,m,f,m,5392,4250,56%,44%
2003,Chronicle,2012,70,m,m,m,542,6943,7%,93%
2019,Clash of the Titans,2010,179,m,m,m,5206,9864,35%,65%
2033,Cold Mountain,2003,137,m,m,m,12274,11568,51%,49%
2035,Collateral,2004,140,m,m,m,1616,9768,14%,86%
2041,Colombiana,2011,40,m,m,m,1417,6248,18%,82%
2046,Conan the Barbarian,2011,23,m,m,m,2009,6568,23%,77%
2059,Coriolanus,2011,0,m,m,m,2623,9192,22%,78%
2063,Cowboys & Aliens,2011,109,m,m,m,2763,11660,19%,81%
2066,Crank,2006,36,m,m,m,613,4578,12%,88%
2073,"Crazy, Stupid, Love.",2011,92,m,f,m,4260,8177,34%,66%
2106,The Dark Knight,2008,645,m,m,m,3246,30290,10%,90%
2112,Date Night,2010,108,m,m,m,5690,9940,36%,64%
2130,Death at a Funeral,2010,47,m,m,m,3745,14995,20%,80%
2133,The Debt,2010,34,m,f,m,2072,3934,34%,66%
2144,The Departed,2006,175,m,m,m,2030,24518,8%,92%
2146,The Descendants,2011,90,m,m,m,4601,10291,31%,69%
2148,Despicable Me 2,2013,393,m,f,m,2271,3907,37%,63%
2177,Donnie Darko,2001,1,m,m,m,2982,3877,43%,57%
2182,Drag Me to Hell,2009,48,m,m,m,17236,7852,69%,31%
2184,Drive,2011,38,m,m,m,832,4443,16%,84%
2201,Eastern Promises,2007,21,m,m,m,1812,4033,31%,69%
2202,Easy A,2010,64,m,f,m,10289,1296,89%,11%
2232,Equilibrium,2002,1,m,f,m,354,2868,11%,89%
2240,Eternal Sunshine of the Spotless Mind,2004,47,m,m,m,12312,10952,53%,47%
2254,Extract,2009,12,m,m,m,2162,12887,14%,86%
2265,Fantastic Four,2005,210,m,m,m,3600,14088,20%,80%
2266,Fantastic Mr. Fox,2009,24,m,f,m,864,12442,6%,94%
2275,The Fault in Our Stars,2014,133,m,m,m,10031,8434,54%,46%
2289,The Fighter,2010,103,m,m,m,3744,10261,27%,73%
2294,Final Destination 2,2003,67,m,m,m,4968,2841,64%,36%
2296,Finding Nemo,2003,549,m,m,m,4704,14258,25%,75%
2313,Foxcatcher,2014,12,m,m,m,0,8057,0%,100%
2314,Fracture,2007,49,m,m,m,3612,20676,15%,85%
2337,Fright Night,2011,20,f,m,m,3092,13916,18%,82%
2343,Frozen,2013,429,f,m,m,2922,3875,43%,57%
2344,Frozen River,2008,3,f,m,f,9884,4134,71%,29%
2346,Fruitvale Station,2013,17,m,f,m,2955,4226,41%,59%
2352,Funny People,2009,60,m,m,m,7596,36278,17%,83%
2374,Garden State,2004,37,m,f,m,4784,13390,26%,74%
2382,Get Low,2009,10,m,m,m,2008,11588,15%,85%
2399,Ghost World,2001,9,m,f,m,18692,9122,67%,33%
2408,Gladiator,2000,303,m,m,m,2778,15594,15%,85%
2426,The Good Girl,2002,20,m,f,m,8864,6936,56%,44%
2436,Gran Torino,2008,179,m,m,m,4000,29092,12%,88%
2445,Gravity,2013,293,m,m,m,2580,3089,46%,54%
2460,The Grudge,2004,154,m,m,m,3532,2878,55%,45%
2465,Hall Pass,2011,49,m,m,m,6302,15848,28%,72%
2469,The Hangover,2009,321,m,m,m,3236,26538,11%,89%
2470,Hanna,2011,44,m,m,m,5722,4759,55%,45%
2492,Harry Potter and the Goblet of Fire,2005,393,m,m,m,3472,16212,18%,82%
2498,He's Just Not That Into You,2009,109,f,f,m,15708,11042,59%,41%
2530,The Help,2011,186,m,m,m,21540,1951,92%,8%
2535,Hesher,2010,,m,m,m,3462,6109,36%,64%
2536,High Fidelity,2000,44,m,m,m,10270,31114,25%,75%
2547,The Hitchhiker's Guide to the Galaxy,2005,69,m,m,m,2768,19252,13%,87%
2548,Hollow Man,2000,118,m,f,m,6032,10502,36%,64%
2551,Horrible Bosses,2011,129,m,m,m,1125,11150,9%,91%
2558,Hot Tub Time Machine,2010,55,m,m,m,1169,12196,9%,91%
2566,How to Train Your Dragon,2010,239,m,f,m,1947,14848,12%,88%
2567,How to Train Your Dragon 2,2014,188,m,f,m,1887,6638,22%,78%
2576,Human Nature,2001,1,m,m,m,8896,10308,46%,54%
2579,I Am Number Four,2011,60,m,m,m,2926,10237,22%,78%
2580,I Am Sam,2001,61,f,m,f,10596,5480,66%,34%
2582,I Love You Phillip Morris,2009,2,m,m,m,881,8417,9%,91%
2594,The Imaginarium of Doctor Parnassus,2009,8,m,f,m,2724,12290,18%,82%
2597,In the Loop,2009,2,m,m,m,7050,22050,24%,76%
2598,Inception,2010,323,m,m,m,2678,12406,18%,82%
2618,Insidious,2010,59,m,m,m,4351,3879,53%,47%
2619,Insomnia,2002,100,f,m,m,3606,10978,25%,75%
2625,Into the Wild,2007,23,m,m,m,6718,12204,36%,64%
2632,Invictus,2009,43,m,m,m,713,6534,10%,90%
2634,The Iron Lady,2011,32,f,m,f,4895,2075,70%,30%
2644,It's Complicated,2009,131,f,f,f,5765,5203,53%,47%
2651,The Jacket,2005,8,m,m,m,3013,7408,29%,71%
2660,Jane Eyre,2011,12,f,m,m,8849,7696,53%,47%
2664,Jason X,2001,19,m,m,m,3235,5130,39%,61%
2673,Jay and Silent Bob Strike Back,2001,46,m,m,m,4838,19270,20%,80%
2688,Juno,2007,180,f,m,m,17534,5138,77%,23%
2704,King Kong,2005,295,f,f,m,1394,9752,13%,87%
2708,The King's Speech,2010,153,m,m,m,1574,13746,10%,90%
2714,Knocked Up,2007,188,m,m,m,9169,15607,37%,63%
2719,Kung Fu Panda,2008,260,m,m,m,1058,10262,9%,91%
2736,Last Chance Harvey,2008,18,m,m,m,4380,6880,39%,61%
2739,The Last Samurai,2003,160,m,m,m,240,16556,1%,99%
2742,The Last Station,2009,7,m,f,m,7144,11926,37%,63%
2754,Les Misérables,2012,162,m,m,m,3079,10977,22%,78%
2769,Life of Pi,2012,136,m,m,m,289,6914,4%,96%
2775,Limitless,2011,86,f,m,m,1858,9012,17%,83%
2777,Lincoln,2012,198,m,f,m,1716,12134,12%,88%
2779,The Lincoln Lawyer,2011,63,m,m,m,3303,16138,17%,83%
2785,Little Nicky,2000,63,m,m,m,2418,14414,14%,86%
2804,Lord of War,2005,32,m,m,m,1530,18110,8%,92%
2805,The Losers,2010,25,m,f,m,914,7537,11%,89%
2812,Lost in Translation,2003,64,f,m,f,2220,1865,54%,46%
2814,Love & Basketball,2000,44,f,m,f,5638,4260,57%,43%
2815,Machete,2010,29,m,m,m,1939,3965,33%,67%
2852,Margin Call,2011,5,m,m,m,1107,11181,9%,91%
2854,Margot at the Wedding,2007,2,m,f,m,10594,5120,67%,33%
2857,Marley & Me,2008,173,m,m,m,6367,11120,36%,64%
2858,Martha Marcy May Marlene,2011,3,m,m,m,4657,2073,69%,31%
2865,Master and Commander: The Far Side of the World,2003,135,m,m,m,0,8524,0%,100%
2866,The Master,2012,17,m,m,m,1028,13654,7%,93%
2880,The Mechanic,2011,31,m,m,m,1164,7430,14%,86%
2887,Memento,2000,41,m,m,m,3646,16450,18%,82%
2894,Men in Black 3,2012,195,m,f,m,113,14351,1%,99%
2924,Minority Report,2002,197,m,f,m,2369,12078,16%,84%
2927,Mirrors,2008,37,m,m,m,4418,10022,31%,69%
2935,Mission: Impossible II,2000,347,m,m,m,3346,17418,16%,84%
2944,Monster's Ball,2001,48,m,m,m,889,2668,25%,75%
2945,Monte Carlo,2011,25,m,f,m,13256,3772,78%,22%
2946,Moon,2009,5,m,m,m,262,5110,5%,95%
2947,Moonrise Kingdom,2012,49,m,m,m,2347,5970,28%,72%
2959,Mud,2012,23,m,m,m,2578,18069,12%,88%
2962,Mulholland Drive,2001,11,m,m,m,8362,5368,61%,39%
2975,My Week with Marilyn,2011,16,m,f,m,9047,14201,39%,61%
2997,The Next Three Days,2010,23,m,m,m,1921,5079,27%,73%
3009,Nine,2009,22,m,f,m,2563,4795,35%,65%
3014,Ninja Assassin,2009,44,m,f,m,2864,4408,39%,61%
3019,No Strings Attached,2011,77,f,m,m,6259,8525,42%,58%
3026,Oblivion,2013,95,m,m,m,5007,8066,38%,62%
3029,Ocean's Eleven,2001,281,m,m,m,1046,19972,5%,95%
3031,Ocean's Twelve,2004,176,m,m,m,4136,15566,21%,79%
3040,Only God Forgives,2013,0,m,f,m,3228,9313,26%,74%
3055,Pandorum,2009,11,m,m,m,2126,16324,12%,88%
3059,Papadopoulos & Sons,2012,,m,f,m,1370,8537,14%,86%
3060,ParaNorman,2012,61,m,m,m,3929,10749,27%,73%
3062,Pariah,2011,0,f,f,f,7381,1793,80%,20%
3079,The Perks of Being a Wallflower,2012,19,m,f,m,2767,7188,28%,72%
3089,Phone Booth,2002,69,m,m,m,1464,14258,9%,91%
3092,The Pianist,2002,48,m,m,m,2578,8072,24%,76%
3097,Pineapple Express,2008,105,m,m,m,1602,13152,11%,89%
3105,Pitch Black,2000,63,m,m,m,4430,8966,33%,67%
3124,Precious,2009,55,m,f,m,17536,114,99%,1%
3133,Pride & Prejudice,2005,52,f,m,m,13437,5669,70%,30%
3135,Priest,2011,31,m,m,m,1814,10642,15%,85%
3141,The Producers,2005,26,f,f,m,956,16158,6%,94%
3162,Queen of the Damned,2002,45,f,f,m,5762,10056,36%,64%
3167,Rachel Getting Married,2008,15,f,f,m,10084,5774,64%,36%
3178,The Reader,2008,41,m,m,m,4716,9588,33%,67%
3189,Red Riding Hood,2011,41,m,m,f,9922,8890,53%,47%
3194,Remember Me,2010,21,m,f,m,3750,5458,41%,59%
3204,Resident Evil,2002,59,m,m,m,2264,3545,39%,61%
3209,Revolutionary Road,2008,27,m,f,m,8686,10372,46%,54%
3212,Rise of the Guardians,2012,112,m,f,m,931,7742,11%,89%
3213,Rise of the Planet of the Apes,2011,194,m,m,m,1537,7447,17%,83%
3218,The Road,2009,,m,m,m,911,14436,6%,94%
3237,The Roommate,2011,40,m,m,m,12294,1839,87%,13%
3240,The Ruins,2008,21,m,m,m,10438,14216,42%,58%
3244,Rush,2013,28,m,m,m,999,8378,11%,89%
3265,Saving Mr. Banks,2013,89,f,m,m,10476,6893,60%,40%
3271,Saw,2004,77,m,m,m,2916,20780,12%,88%
3280,Scott Pilgrim vs. the World,2010,34,m,m,m,6935,13478,34%,66%
3285,Scream 3,2000,143,m,m,m,7720,7712,50%,50%
3294,Serenity,2005,34,m,m,m,8102,20962,28%,72%
3298,The Sessions,2012,6,m,m,m,4680,6424,42%,58%
3300,Sex and the City,2008,185,m,m,m,25184,5142,83%,17%
3313,Shame,2011,4,m,m,m,1937,4311,31%,69%
3331,Shrek,2001,411,m,m,m,3288,17246,16%,84%
3332,Shrek the Third,2007,405,m,m,m,1141,7511,13%,87%
3333,Sideways,2004,100,m,m,m,4958,22344,18%,82%
3345,S1m0ne,2002,14,m,m,m,9172,16564,36%,64%
3364,Slither,2006,10,m,m,m,4488,4592,49%,51%
3365,Slumdog Millionaire,2008,170,m,m,m,1242,16392,7%,93%
3378,Snow White and the Huntsman,2012,169,m,f,m,6169,9546,39%,61%
3381,The Social Network,2010,106,m,m,m,1990,18854,10%,90%
3394,Source Code,2011,60,m,m,m,6179,10735,37%,63%
3427,Star Wars: Episode III - Revenge of the Sith,2005,515,m,m,m,1688,12209,12%,88%
3467,Sunshine Cleaning,2008,14,f,m,f,10014,6914,59%,41%
3468,Super 8,2011,139,m,m,m,728,7773,9%,91%
3469,Superbad,2007,153,m,m,m,882,11502,7%,93%
3476,Surrogates,2009,44,m,m,m,3215,9551,25%,75%
3494,Take Shelter,2011,1,m,m,m,4046,7877,34%,66%
3503,Tamara Drewe,2010,0,f,f,m,9568,9021,51%,49%
3509,Ted,2012,239,m,m,m,2415,10277,19%,81%
3516,Terminator Salvation,2009,145,m,f,m,1661,2482,40%,60%
3536,This Is 40,2012,73,m,m,m,9260,10556,47%,53%
3538,Thor,2011,198,f,f,m,5413,15996,25%,75%
3563,Tinker Tailor Soldier Spy,2011,26,f,m,m,565,8829,6%,94%
3605,Troy,2004,186,m,m,m,4116,29712,12%,88%
3621,Twilight,2008,231,f,m,f,6886,7438,48%,52%
3631,The Ugly Truth,2009,103,f,f,m,6033,7968,43%,57%
3641,Up,2009,339,m,m,m,998,13334,7%,93%
3643,Up in the Air,2009,97,m,m,m,4787,7195,40%,60%
3649,Valentine's Day,2010,121,f,m,m,3110,5145,38%,62%
3650,Valkyrie,2008,100,m,m,m,200,15696,1%,99%
3667,The Visitor,2007,11,m,m,m,5084,11442,31%,69%
3680,War Horse,2011,87,m,f,m,1331,6950,16%,84%
3686,Warrior,2011,15,m,f,m,677,9875,6%,94%
3689,Water for Elephants,2011,64,m,m,m,3196,14429,18%,82%
3690,The Way Way Back,2010,2,m,m,m,696,12223,5%,95%
3694,What Lies Beneath,2000,250,m,f,m,8754,4668,65%,35%
3701,The Whistleblower,2010,1,f,m,f,5586,3166,64%,36%
3717,Wild Hogs,2007,212,m,f,m,1510,18397,8%,92%
3726,Win Win,2011,11,m,f,m,3421,9834,26%,74%
3737,The Wolf of Wall Street,2013,125,m,m,m,1431,15721,8%,92%
3746,The Wrestler,2008,31,m,m,m,3392,7132,32%,68%
3752,X-Men,2000,253,m,m,m,850,4175,17%,83%
3759,Yes Man,2008,118,m,m,m,6128,18164,25%,75%
3765,Youth in Revolt,2009,17,m,f,m,10756,23054,32%,68%
3766,Zero Dark Thirty,2012,104,m,f,f,5064,8152,38%,62%
3770,50/50,2011,38,m,f,m,2209,5617,28%,72%
3776,Thir13en Ghosts,2001,64,m,m,m,2023,4959,29%,71%
3784,28 Days,2000,59,f,f,f,1705,699,71%,29%
3789,3:10 to Yuma,2007,67,m,m,m,145,5699,2%,98%
3805,Adventureland,2009,18,m,m,m,2414,6619,27%,73%
3816,Alice in Wonderland,2010,368,f,f,m,3515,1883,65%,35%
3850,Animal Kingdom,2010,1,m,m,m,2051,6649,24%,76%
3862,Armored,2009,18,m,m,m,0,4500,0%,100%
3872,Atonement,2007,64,m,m,m,3379,2740,55%,45%
3892,Barney's Version,2010,8,m,m,m,3448,7539,31%,69%
3918,Below,2002,0,m,m,m,1301,7161,15%,85%
3920,Beowulf,2007,103,m,m,m,1433,4940,22%,78%
3947,Blue Valentine,2010,10,m,m,m,2694,5025,35%,65%
3951,Boiler Room,2000,27,m,m,m,1465,13596,10%,90%
3952,The Boondock Saints II: All Saints Day,2009,11,m,m,m,2397,7359,25%,75%
3959,The Brave One,2007,46,m,m,m,2603,2557,50%,50%
3966,Bright Star,2009,5,f,f,f,4452,4508,50%,50%
3970,Brooklyn's Finest,2009,31,m,m,m,1041,6233,14%,86%
3972,Brothers,2009,33,m,m,m,3002,5589,35%,65%
3973,The Bucket List,2007,118,m,m,m,965,10115,9%,91%
4008,Children of Men,2006,46,m,m,m,2339,5282,31%,69%
4012,Chocolat,2000,115,f,m,m,3254,3224,50%,50%
4040,Conviction,2010,7,f,m,m,5231,2166,71%,29%
4042,Cop Out,2010,49,m,m,m,307,9939,3%,97%
4047,Crash,2004,76,m,m,m,2552,8110,24%,76%
4049,The Crazies,2010,43,m,m,m,898,2781,24%,76%
4065,Dallas Buyers Club,2013,29,m,m,m,1138,6225,15%,85%
4087,Daybreakers,2009,34,m,m,m,891,3898,19%,81%
4105,Despicable Me,2010,277,m,f,m,1368,3576,28%,72%
4109,The Devil Wears Prada,2006,166,f,m,m,8729,2741,76%,24%
4115,Dinner for Schmucks,2010,80,m,m,m,1386,7341,16%,84%
4117,The Diving Bell and the Butterfly,2007,7,m,m,m,2541,4911,34%,66%
4121,Domino,2005,13,m,m,m,5945,4437,57%,43%
4137,The Duchess,2008,16,m,f,m,4727,2982,61%,39%
4150,Edge of Darkness,2010,47,m,m,m,701,11243,6%,94%
4157,Pan's Labyrinth,2006,49,m,m,m,1753,2262,44%,56%
4169,Erin Brockovich,2000,203,f,m,m,9126,5659,62%,38%
4185,The Expendables,2010,113,m,m,m,727,6963,9%,91%
4199,Far from Heaven,2002,23,m,m,m,6403,3434,65%,35%
4208,The Fifth Estate,2013,3,m,m,m,1487,8702,15%,85%
4220,Flightplan,2005,121,m,m,m,2691,2526,52%,48%
4221,For Colored Girls,2010,41,m,m,m,10597,1580,87%,13%
4251,Fun with Dick and Jane,2005,149,m,m,m,832,1082,43%,57%
4260,Get Him to the Greek,2010,67,m,m,m,1154,11164,9%,91%
4306,Green Zone,2010,38,m,f,m,750,6862,10%,90%
4311,Halloween,2007,73,m,m,m,2875,1827,61%,39%
4339,Harry Potter and the Half-Blood Prince,2009,350,f,m,m,2249,10693,17%,83%
4341,Hate Crime,2012,,m,m,m,217,4900,4%,96%
4352,Her,2013,27,m,f,m,5216,5009,51%,49%
4361,Hitchcock,2012,6,m,m,m,2378,5300,31%,69%
4365,Holes,2003,97,m,m,m,829,6583,11%,89%
4373,Hot Rod,2007,17,f,m,m,1793,10634,14%,86%
4379,How Do You Know,2010,33,m,f,m,5179,7217,42%,58%
4392,I Am Legend,2007,323,m,m,m,1383,5654,20%,80%
4397,Identity,2003,74,m,m,m,1230,3140,28%,72%
4399,Idiocracy,2006,0,m,f,m,1668,6829,20%,80%
4403,In Good Company,2004,63,m,f,m,1765,7656,19%,81%
4404,In Her Shoes,2005,44,f,f,m,8498,1622,84%,16%
4422,The Informant!,2009,38,m,m,m,649,11609,5%,95%
4440,It's Kind of a Funny Story,2010,7,f,m,f,1613,7321,18%,82%
4453,Jeepers Creepers II,2003,50,m,m,m,1157,4827,19%,81%
4474,Kill Bill (Pt 1+2),2003,101,m,m,m,6797,6710,50%,50%
4477,Kill Your Darlings,2013,1,m,m,m,476,5574,8%,92%
4525,Letters to Juliet,2010,58,m,f,m,5078,4128,55%,45%
4539,Little Children,2006,7,m,m,m,2891,2962,49%,51%
4540,Little Miss Sunshine,2006,79,m,m,m,2852,5594,34%,66%
4549,The Lookout,2007,5,m,m,m,1193,10552,10%,90%
4554,The Lorax,2012,233,m,m,m,901,4266,17%,83%
4575,Made in Dagenham,2010,1,m,m,m,6394,3492,65%,35%
4596,Maria Full of Grace,2004,9,m,m,m,5364,2635,67%,33%
4605,Mean Girls,2004,120,f,f,m,6490,1415,82%,18%
4608,Memoirs of a Geisha,2005,77,f,m,m,4204,1686,71%,29%
4619,Michael Clayton,2007,61,m,m,m,1158,6538,15%,85%
4647,Mother and Child,2009,1,m,f,m,8093,1556,84%,16%
4648,The Mothman Prophecies,2002,52,m,m,m,2182,7502,23%,77%
4661,The Mummy: Tomb of the Dragon Emperor,2008,123,m,m,m,3499,4660,43%,57%
4684,National Treasure,2004,242,m,m,m,1013,6661,13%,87%
4686,Nebraska,2013,18,m,m,m,2369,6135,28%,72%
4690,Never Let Me Go,2010,2,m,m,m,5047,1432,78%,22%
4725,Nowhere Boy,2009,1,f,m,f,2042,2575,44%,56%
4727,The Number 23,2007,44,m,m,m,1687,5039,25%,75%
4730,"O Brother, Where Art Thou?",2000,73,m,m,m,312,8450,4%,96%
4787,The Place Beyond the Pines,2012,23,m,m,m,1860,9051,17%,83%
4812,Possession,2002,15,m,m,m,4506,2202,67%,33%
4815,The Prestige,2006,70,m,m,m,1292,8090,14%,86%
4829,Public Enemies,2009,112,m,m,m,1132,6857,14%,86%
4844,Rabbit Hole,2010,2,m,f,m,4028,2120,66%,34%
4853,Ratatouille,2007,260,m,m,m,1054,7243,13%,87%
4863,Rent,2005,39,m,m,m,3014,5602,35%,65%
4866,Requiem for a Dream,2000,5,m,m,m,3550,4910,42%,58%
4871,Return to Me,2000,52,f,m,f,1748,3938,31%,69%
4874,The Ring,2002,193,m,m,m,4150,2198,65%,35%
4896,Wild Things: Diamonds in the Rough,2005,,m,m,m,3890,2886,57%,43%
4899,The Rules of Attraction,2002,9,m,m,m,2591,7308,26%,74%
4918,Scary Movie 2,2001,109,m,m,m,4097,5751,42%,58%
4925,The Secret Life of Walter Mitty,2013,62,m,m,m,1114,6720,14%,86%
4928,Secretariat,2010,65,m,m,m,4534,4781,49%,51%
4949,Short Term 12,2013,1,m,m,m,3458,3904,47%,53%
4963,A Single Man,2009,10,m,m,m,1047,4874,18%,82%
4988,Solaris,2002,22,m,m,m,2274,3797,37%,63%
4992,The Wedding Date,2005,42,f,f,f,5664,4219,57%,43%
5001,The Sorcerer's Apprentice,2010,69,m,m,m,1072,6849,14%,86%
5038,Star Trek: Nemesis,2002,64,m,m,m,950,9305,9%,91%
5066,Stuart Little 2,2002,96,m,m,m,1781,3938,31%,69%
5083,Sweeney Todd: The Demon Barber of Fleet Street,2007,66,m,f,m,3375,5275,39%,61%
5142,The Town,2010,101,m,f,m,2716,9466,22%,78%
5145,Toy Story 3,2010,457,m,f,m,2429,7697,24%,76%
5163,The Twilight Saga: Eclipse,2010,331,f,m,m,957,1411,40%,60%
5164,The Twilight Saga: New Moon,2009,344,f,m,m,8778,9276,49%,51%
5170,Away We Go,2009,10,m,f,m,5067,6226,45%,55%
5183,Vantage Point,2008,87,m,m,m,1300,2599,33%,67%
5185,Vicky Cristina Barcelona,2008,28,m,f,m,6533,7090,48%,52%
5186,The Village,2004,159,m,m,m,2219,1447,61%,39%
5209,We Need to Talk About Kevin,2011,1,f,f,f,3516,3518,50%,50%
5221,Where the Wild Things Are,2009,89,m,m,m,1431,4332,25%,75%
5222,Whip It,2009,15,f,f,f,5761,1896,75%,25%
5238,Winter's Bone,2010,7,f,f,f,3347,2240,60%,40%
5248,X-Men 2,2003,310,m,m,m,682,3182,18%,82%
5256,The Young Victoria,2009,12,m,f,m,5587,6054,48%,52%
5300,"The Chronicles of Narnia: The Lion, the Witch and the Wardrobe",2005,396,m,m,m,1842,2805,40%,60%
5315,Girl with a Pearl Earring,2003,16,f,m,m,4362,3916,53%,47%
5368,A Most Violent Year,2014,6,m,m,m,1644,10130,14%,86%
5373,Amour,2012,,m,m,m,2294,4183,35%,65%
5376,Another Year,2010,3,m,f,m,8280,5715,59%,41%
5378,August: Osage County,2013,40,m,m,m,11625,3380,77%,23%
5381,Before Midnight,2013,8,m,f,m,7529,7977,49%,51%
5383,Belle,2013,11,m,m,f,4586,4228,52%,48%
5385,Birdman or (The Unexpected Virtue of Ignorance),2014,45,m,f,m,3023,6884,31%,69%
5386,Boyhood,2014,27,m,f,m,5926,10675,36%,64%
5388,Bridge of Spies,2015,74,m,m,m,272,8959,3%,97%
5392,Coraline,2009,87,m,m,m,4436,1648,73%,27%
5397,Dear White People,2014,4,m,f,m,4131,7000,37%,63%
5399,Enough Said,2013,18,f,f,f,5673,2121,73%,27%
5400,Ex Machina,2015,26,m,m,m,1143,6455,15%,85%
5401,Far from the Madding Crowd,2015,12,m,f,m,3067,3473,47%,53%
5404,Frankenweenie,2012,38,m,f,m,1219,2952,29%,71%
5408,Get on Up,2014,32,m,m,m,264,7328,3%,97%
5410,Grandma,2015,7,m,m,m,6909,818,89%,11%
5416,Hyde Park on Hudson,2012,6,m,m,m,3558,3329,52%,48%
5418,I'll See You in My Dreams,2015,7,m,m,m,7170,2446,75%,25%
5419,The Imitation Game,2014,97,m,f,m,1836,8798,17%,83%
5420,Infinitely Polar Bear,2014,1,f,m,f,4583,4361,51%,49%
5423,Into the Woods,2014,136,m,m,m,3652,3535,51%,49%
5424,Inside Out,2015,367,m,m,m,4836,2696,64%,36%
5431,Locke,2013,1,m,m,m,827,8226,9%,91%
5432,Learning to Drive,2014,3,f,f,f,3064,3208,49%,51%
5435,Love Is Strange,2014,2,m,m,m,2296,7766,23%,77%
5440,Me and Earl and the Dying Girl,2015,6,m,m,m,2585,7326,26%,74%
5448,Mr. Turner,2014,4,m,m,m,3117,6134,34%,66%
5456,Pawn Sacrifice,2014,2,m,m,m,752,6724,10%,90%
5458,Please Give,2010,4,f,m,f,6214,1278,83%,17%
5467,Slow West,2015,,m,f,m,0,1707,0%,100%
5468,Smashed,2012,,f,f,m,5010,3115,62%,38%
5471,Spring Breakers,2012,15,m,m,m,1185,734,62%,38%
5472,St. Vincent,2014,46,m,m,m,1924,5672,25%,75%
5473,Steve Jobs,2015,18,m,m,m,4925,15636,24%,76%
5476,Suffragette,2015,4,f,m,f,3791,2447,61%,39%
5477,The American,2010,39,m,f,m,1419,3193,31%,69%
5478,Testament of Youth,2014,1,f,f,m,5190,3058,63%,37%
5481,The Boxtrolls,2014,54,f,m,m,1084,4147,21%,79%
5482,The Croods,2013,200,m,f,m,2125,5019,30%,70%
5485,The End of the Tour,2015,3,m,m,m,304,3117,9%,91%
5489,The Great Gatsby,2013,155,m,m,m,1840,8662,18%,82%
5492,The Invisible Woman,2013,1,f,f,m,2873,1581,65%,35%
5496,The Big Short,2015,62,m,m,m,1449,8064,15%,85%
5501,The Grand Budapest Hotel,2014,62,m,m,m,105,8252,1%,99%
5502,The Theory of Everything,2014,38,m,m,m,1806,4099,31%,69%
5509,Wadjda,2012,1,f,f,f,6800,1011,87%,13%
5515,Woman in Gold,2015,34,m,f,m,5047,6685,43%,57%
5516,Wreck-It Ralph,2012,206,m,m,m,2358,5333,31%,69%
5532,The Fast and the Furious,2001,222,m,m,m,699,5416,11%,89%
5803,Amélie,2001,51,m,m,m,3887,3093,56%,44%
5820,A Beautiful Mind,2001,262,m,m,m,1496,6487,19%,81%
5847,City of God,2002,11,m,f,m,771,7610,9%,91%
5930,Million Dollar Baby,2004,140,m,m,m,2035,8517,19%,81%
6000,There Will Be Blood,2007,50,m,m,m,0,8052,0%,100%
6029,Pixels,2015,81,m,m,m,406,1055,28%,72%
6030,2 Guns,2013,80,m,m,m,583,9206,6%,94%
6037,Arthur Christmas,2011,50,m,f,f,250,3530,7%,93%
6038,Click,2006,181,m,m,m,1575,7856,17%,83%
6039,Cloudy with a Chance of Meatballs 2,2013,128,f,m,m,1460,7132,17%,83%
6040,Captain Phillips,2013,114,m,m,m,487,6618,7%,93%
6042,Friends with Benefits,2011,61,m,f,m,4084,3703,52%,48%
6050,Monster House,2006,97,m,m,m,2086,4218,33%,67%
6052,Pompeii,2014,24,f,m,m,1537,5045,23%,77%
6054,Resident Evil: Retribution,2012,46,m,m,m,2622,2206,54%,46%
6056,Sparkle,2012,26,f,m,m,5326,4048,57%,43%
6058,Salt,2010,130,m,m,m,1802,3929,31%,69%
6059,The Smurfs,2011,156,m,f,m,2019,6491,24%,76%
6060,The Smurfs 2,2013,75,m,f,m,1858,5441,25%,75%
6063,The Tourist,2010,74,m,m,m,999,3174,24%,76%
6066,White House Down,2013,78,m,m,m,1748,7807,18%,82%
6092,Interstellar,2014,200,m,m,m,2276,7187,24%,76%
6095,The Equalizer,2014,108,m,m,m,772,3555,18%,82%
6108,The Mist,2007,32,m,m,m,3560,9211,28%,72%
6121,The Expendables 2,2012,92,m,m,m,538,5082,10%,90%
6150,No Country for Old Men,2007,93,m,m,m,1215,7105,15%,85%
6156,Ouija,2014,54,f,m,m,5783,1878,75%,25%
6190,Wrong Turn,2003,22,m,m,m,2154,3442,38%,62%
6193,Kill Bill: Vol. 2,2004,92,m,m,m,2530,5283,32%,68%
6213,Charlie Bartlett,2007,4,m,f,m,1426,5730,20%,80%
6215,Nick and Norah's Infinite Playlist,2008,38,f,m,m,1526,4129,27%,73%
6270,Fury,2014,91,m,m,m,0,6838,0%,100%
6271,Gone Girl,2014,178,f,f,m,6451,4805,57%,43%
6300,Horns,2013,,m,m,m,1997,8335,19%,81%
6302,Killing Them Softly,2012,16,m,m,m,0,16153,0%,100%
6313,Red Dragon,2002,139,m,m,m,1074,3217,25%,75%
6315,Hannibal Rising,2007,35,m,m,m,737,4024,15%,85%
6331,Pacific Rim,2013,109,m,m,m,2625,7084,27%,73%
6360,28 Days Later...,2002,67,m,m,m,1304,3309,28%,72%
6401,"Synecdoche, New York",2008,3,m,m,m,6089,5324,53%,47%
6407,Adaptation.,2002,33,f,m,m,2863,6817,30%,70%
6410,Take This Waltz,2011,1,f,f,f,4404,4061,52%,48%
6420,Dredd,2012,14,m,m,m,1838,3298,36%,64%
6486,The A-Team,2010,85,m,m,m,529,7190,7%,93%
6495,Jack Reacher,2012,87,m,m,m,2908,3057,49%,51%
6515,Gosford Park,2001,63,m,m,m,5387,5321,50%,50%
6522,End of Watch,2012,44,m,m,m,1156,7372,14%,86%
6527,Cake,2014,1,m,f,m,5276,946,85%,15%
6529,Lucy,2014,135,m,f,m,3143,2827,53%,47%
6537,1408,2007,91,m,m,m,284,3039,9%,91%
6552,Dreamcatcher,2003,48,m,m,m,123,4341,3%,97%
6568,Hannibal,2001,253,f,m,m,2265,5343,30%,70%
6571,The Girl with the Dragon Tattoo,2011,113,m,f,m,3713,8965,29%,71%
6605,Art School Confidential,2006,4,m,m,m,1604,5638,22%,78%
6614,Cosmopolis,2012,0,m,m,m,2278,6498,26%,74%
6622,The Wolfman,2010,68,m,m,m,1356,7630,15%,85%
6634,The Hundred-Foot Journey,2014,57,m,m,m,2791,3113,47%,53%
6649,Prometheus,2012,137,m,m,m,1746,3490,33%,67%
6672,Hulk,2003,190,m,m,m,545,8096,6%,94%
6679,Spider-Man 2,2004,522,m,m,m,2110,6488,25%,75%
6724,The Way of the Gun,2000,9,m,m,m,1878,9754,16%,84%
6747,In Time,2011,41,m,m,m,1216,4560,21%,79%
6752,Team America: World Police,2004,45,m,m,m,575,1073,35%,65%
6815,The Life Aquatic with Steve Zissou,2004,33,m,m,m,1821,11486,14%,86%
6816,The Royal Tenenbaums,2001,80,m,m,m,1581,6016,21%,79%
6822,A Scanner Darkly,2006,7,m,m,m,2171,9556,19%,81%
6827,The Zero Theorem,2013,,m,m,m,1901,6494,23%,77%
6832,The Darjeeling Limited,2007,15,m,m,m,1093,6798,14%,86%
6833,Match Point,2005,31,m,f,m,8158,11630,41%,59%
6845,Taken,2008,175,m,m,m,1812,5337,25%,75%
6854,The Squid and the Whale,2005,9,m,m,m,1675,4021,29%,71%
6864,Kick-Ass,2010,52,f,m,m,1625,8195,17%,83%
6867,Inherent Vice,2014,8,m,m,m,4888,10564,32%,68%
6903,The Lunchbox,2013,4,m,m,m,1951,3311,37%,63%
6905,Whiplash,2014,13,m,m,m,497,8395,6%,94%
6907,Wild,2014,40,m,m,m,7105,2736,72%,28%
6908,The Judge,2014,50,m,m,m,1261,9648,12%,88%
6910,Big Eyes,2014,15,m,m,m,3125,5218,37%,63%
6911,Still Alice,2014,19,m,f,m,5537,3514,61%,39%
6912,The Babadook,2014,0,f,f,f,4675,1798,72%,28%
6916,Before Sunset,2004,8,m,f,m,5030,3993,56%,44%
6918,Exodus: Gods and Kings,2014,69,m,m,m,114,5467,2%,98%
6919,Oculus,2013,29,m,m,m,3962,2608,60%,40%
6962,Seeking a Friend for the End of the World,2012,7,f,f,f,2790,4154,40%,60%
6965,Frost/Nixon,2008,22,m,m,m,492,13136,4%,96%
6968,Inside Man,2006,117,m,m,m,1916,10690,15%,85%
7057,Super,2010,,m,f,m,2231,4267,34%,66%
7058,Scooby-Doo,2002,229,m,m,m,2224,6008,27%,73%
7093,True Grit,2010,188,m,m,m,3200,4602,41%,59%
7104,The Ward,2010,,m,m,m,2931,1377,68%,32%
7126,Shopgirl,2005,13,m,m,m,3308,3087,52%,48%
7130,Killer Joe,2011,2,m,m,m,2392,6661,26%,74%
7149,My Bloody Valentine,2009,59,m,m,m,1287,3267,28%,72%
7157,Jennifer's Body,2009,18,f,m,f,7381,2447,75%,25%
7171,The Ides of March,2011,44,m,m,m,1441,9172,14%,86%
7174,Friday the 13th,2009,75,m,m,m,1671,2958,36%,64%
7214,The Aviator,2004,144,m,m,m,2608,12159,18%,82%
7216,Cabin Fever 2: Spring Fever,2009,,m,m,m,1130,6320,15%,85%
7231,Predators,2010,57,m,f,m,561,1971,22%,78%
7243,Black Hawk Down,2001,167,m,m,m,0,7647,0%,100%
7247,The Good Shepherd,2006,79,m,m,m,780,9212,8%,92%
7251,A Perfect Getaway,2009,17,m,m,m,1388,4685,23%,77%
7252,Riddick,2013,44,m,f,m,523,4431,11%,89%
7278,Tower Heist,2011,85,m,m,m,753,6317,11%,89%
7298,The Spectacular Now,2013,7,m,m,m,3338,7396,31%,69%
7302,Tucker and Dale vs. Evil,2010,,m,m,m,1481,5703,21%,79%
7307,Maps to the Stars,2014,,m,m,m,4136,3360,55%,45%
7329,Ghost Town,2008,15,m,m,m,2258,9996,18%,82%
7330,Indiana Jones and the Kingdom of the Crystal Skull,2008,384,m,f,m,1977,8723,18%,82%
7332,Mortdecai,2015,7,m,f,m,1583,7576,17%,83%
7344,Saw IV,2007,80,m,m,m,825,4275,16%,84%
7349,The Lazarus Effect,2015,26,m,m,m,2000,3608,36%,64%
7358,Philomena,2013,40,m,f,m,5052,3617,58%,42%
7361,The Riot Club,2014,,f,m,f,1124,8333,12%,88%
7364,The Devil's Rejects,2005,22,m,m,m,3513,14289,20%,80%
7378,Four Lions,2010,,m,m,m,186,9760,2%,98%
7406,Snowpiercer,2013,4,m,m,m,1438,4921,23%,77%
7413,American Sniper,2014,372,m,m,m,1183,2859,29%,71%
7427,Unstoppable,2010,89,m,m,m,2839,5382,35%,65%
7446,Hellboy,2004,82,m,m,m,806,5472,13%,87%
7447,Identity Thief,2013,143,m,f,m,2833,5598,34%,66%
7466,Prince of Persia: The Sands of Time,2010,100,m,m,m,1558,6119,20%,80%
7475,Vacancy,2007,24,m,f,m,1337,3537,27%,73%
7502,Mystic River,2003,129,m,m,m,1051,9709,10%,90%
7516,Carrie,2013,37,m,m,m,5541,2766,67%,33%
7545,Run All Night,2015,27,m,m,m,787,6676,11%,89%
7554,The Gunman,2015,10,m,m,m,1078,4523,19%,81%
7557,Sleeping Beauty,2011,,f,f,f,1603,1493,52%,48%
7563,The Hurt Locker,2008,19,m,f,f,0,5392,0%,100%
7597,28 Weeks Later,2007,36,m,m,m,1019,2091,33%,67%
7623,Cyrus,2010,8,m,m,m,2547,4186,38%,62%
7624,"Jeff, Who Lives at Home",2011,4,m,f,m,1392,4315,24%,76%
7627,The Other Guys,2010,131,m,m,m,767,9845,7%,93%
7630,Anchorman: The Legend of Ron Burgundy,2004,117,m,m,m,2206,7864,22%,78%
7651,Jumper,2008,97,m,m,m,1356,7489,15%,85%
7657,Sherlock Holmes,2009,242,m,m,m,1200,8622,12%,88%
7659,Noah,2014,107,m,m,m,1341,4737,22%,78%
7681,Now You See Me,2013,126,m,m,m,1764,7339,19%,81%
7682,Push,2009,36,m,m,m,2826,2098,57%,43%
7695,The Descent,2005,35,m,m,m,4076,0,100%,0%
7696,Doomsday,2008,13,m,m,m,3610,7546,32%,68%
7698,My Big Fat Greek Wedding,2002,360,f,m,m,4632,3304,58%,42%
7706,Pain & Gain,2013,53,m,m,m,575,6621,8%,92%
7709,Selma,2014,55,m,m,f,1363,12101,10%,90%
7716,American Ultra,2015,14,m,m,m,2966,5227,36%,64%
7730,Kingsman: The Secret Service,2014,136,f,m,m,799,11513,6%,94%
7731,The Green Inferno,2013,7,m,m,m,2747,4021,41%,59%
7732,The Final Girls,2015,,m,m,m,5895,1988,75%,25%
7733,Terminator Genisys,2015,92,f,m,m,2204,6386,26%,74%
7737,You're Next,2011,20,m,m,m,2369,3416,41%,59%
7740,Sicario,2015,48,m,m,m,1438,5456,21%,79%
7742,The Rover,2014,1,m,m,m,1053,4603,19%,81%
7756,Straight Outta Compton,2015,166,m,m,m,675,9855,6%,94%
7763,Elysium,2013,99,m,f,m,2686,5888,31%,69%
7765,People Like Us,2012,13,m,m,m,4515,5351,46%,54%
7766,The Incredible Hulk,2008,163,m,m,m,1752,3730,32%,68%
7770,300,2006,280,m,m,m,1071,9348,10%,90%
7779,Insidious: Chapter 2,2013,89,m,m,m,2624,3585,42%,58%
7780,Hitch,2005,241,m,m,m,3631,6483,36%,64%
7808,Serendipity,2001,76,m,m,m,4173,4627,47%,53%
7820,Chef,2014,33,m,f,m,1978,7631,21%,79%
7822,The Maze Runner,2014,108,m,m,m,1155,8169,12%,88%
7829,Towelhead,2007,,m,m,m,4579,5120,47%,53%
7834,22 Jump Street,2014,204,m,m,m,1591,8355,16%,84%
7836,Southpaw,2015,54,m,m,m,2051,9235,18%,82%
7849,Gangster Squad,2013,49,m,m,m,991,8474,10%,90%
7858,Get Hard,2015,93,m,m,m,1064,9330,10%,90%
7860,Two Night Stand,2014,,m,m,m,5608,4713,54%,46%
7882,Lawless,2012,40,m,m,m,1097,9920,10%,90%
7901,Sorority Row,2009,13,m,m,m,6583,1993,77%,23%
7904,Final Destination 3,2006,71,m,m,m,4209,3947,52%,48%
7915,The Counselor,2013,18,m,m,m,656,2596,20%,80%
7924,Wanderlust,2012,18,m,m,m,3992,8991,31%,69%
7930,San Andreas,2015,159,m,m,m,1036,4322,19%,81%
7935,Blades of Glory,2007,149,m,m,m,1139,8559,12%,88%
7937,Everything Must Go,2010,2,m,m,m,316,6222,5%,95%
7942,Stranger Than Fiction,2006,53,m,f,m,4471,5758,44%,56%
7944,The Lego Movie,2014,274,m,f,m,1631,8573,16%,84%
7973,Seven Psychopaths,2012,16,m,m,m,634,10714,6%,94%
7974,Top Five,2014,26,m,m,m,3586,7035,34%,66%
7977,Sabotage,2014,11,m,m,m,3136,4623,40%,60%
7984,Cloudy with a Chance of Meatballs,2009,145,m,f,m,1495,5253,22%,78%
7986,Minions,2015,346,m,f,m,1828,1800,50%,50%
7991,"Monsters, Inc.",2001,445,m,f,m,399,10184,4%,96%
8007,A History of Violence,2005,42,m,m,m,2818,7891,26%,74%
8019,Calvary,2014,3,m,m,m,4003,4385,48%,52%
8021,The Guard,2011,5,m,m,m,698,9025,7%,93%
8029,The Hunger Games,2012,445,f,f,m,3799,4600,45%,55%
8045,Knight and Day,2010,84,m,m,m,4048,5426,43%,57%
8050,Gone in Sixty Seconds,2000,164,m,m,m,1362,8820,13%,87%
8056,Dope,2015,18,m,f,m,1347,6844,16%,84%
8057,A Most Wanted Man,2014,18,m,f,m,2938,6029,33%,67%
8094,Self/less,2015,12,m,m,m,1164,3734,24%,76%
8112,The Grey,2011,56,m,m,m,0,6838,0%,100%
8151,The Drop,2014,11,m,f,m,1497,6086,20%,80%
8170,Undertow,2004,,m,m,m,902,4652,16%,84%
8177,Solomon Kane,2009,,m,m,m,330,5579,6%,94%
8192,Cloverfield,2008,96,m,m,m,2205,4740,32%,68%
8194,Apollo 18,2011,19,m,m,m,0,2578,0%,100%
8197,The November Man,2014,26,m,m,m,1581,5404,23%,77%
8199,Rock of Ages,2012,42,m,m,m,778,3054,20%,80%
8208,Taken 2,2012,153,m,m,m,1908,4134,32%,68%
8209,3 Days to Kill,2014,32,f,m,m,4573,5575,45%,55%
8210,Runner Runner,2013,20,m,m,m,0,9999,0%,100%
8215,Silent Hill,2006,62,m,m,m,3109,652,83%,17%
8216,School of Rock,2003,117,m,m,m,1114,2958,27%,73%
8232,Love & Other Drugs,2010,35,m,m,m,3202,5063,39%,61%
8257,The Revenant,2015,147,m,m,m,0,5396,0%,100%
8275,The Fourth Kind,2009,29,m,m,m,4269,3986,52%,48%
8277,Cursed,2005,26,m,m,m,2615,3967,40%,60%
8350,Pirates of the Caribbean: The Curse of the Black Pearl,2003,440,m,m,m,1273,8550,13%,87%
8351,Pirates of the Caribbean: Dead Man's Chest,2006,561,m,m,m,1253,7827,14%,86%
8352,Pirates of the Caribbean: At World's End,2007,390,m,m,m,1679,6353,21%,79%
8382,Kingdom of Heaven,2005,64,m,m,m,864,6518,12%,88%
8405,The Recruit,2003,76,m,m,m,728,5795,11%,89%
8406,The Maiden Heist,2009,,m,m,m,1086,7526,13%,87%
8410,Brick Mansions,2014,21,m,m,m,728,7842,8%,92%
8471,Sinister,2012,52,m,m,m,2246,5325,30%,70%
8479,Blue Jasmine,2013,35,m,f,m,2747,884,76%,24%
8500,Captain America: The First Avenger,2011,194,m,f,m,747,5808,11%,89%
8524,The Adventures of Tintin,2011,85,m,f,m,0,5631,0%,100%
8525,Transcendence,2014,24,m,f,m,3040,5333,36%,64%
8543,21,2008,98,m,m,m,732,9088,7%,93%
8556,Lucky Number Slevin,2006,29,m,f,m,1764,10302,15%,85%
8564,The Martian,2015,235,m,m,m,2864,7353,28%,72%
8601,The Illusionist,2006,52,m,f,m,718,6624,10%,90%
8605,The Wolverine,2013,142,m,m,m,1237,7204,15%,85%
8612,The Family,2013,39,m,m,m,2329,8161,22%,78%
8649,Shrek 2,2004,610,m,m,m,890,2574,26%,74%
8655,Pitch Perfect,2012,71,f,f,m,5170,3591,59%,41%
8672,The 40-Year-Old Virgin,2005,147,m,m,m,2624,6634,28%,72%
8743,Blood Diamond,2006,76,m,m,m,1206,5075,19%,81%
8765,Brokeback Mountain,2005,112,f,m,m,411,3011,12%,88%
8770,The Cabin in the Woods,2012,45,m,m,m,2664,4339,38%,62%
8802,The Curious Case of Benjamin Button,2008,153,m,f,m,6542,6402,51%,49%
8807,The Dark Knight Rises,2012,489,m,m,m,1537,8682,15%,85%
8850,Forgetting Sarah Marshall,2008,76,m,m,m,3254,5746,36%,64%
8887,Green Lantern,2011,128,m,m,m,1582,7545,17%,83%
8911,"I, Robot",2004,203,m,m,m,2086,6207,25%,75%
9015,Moneyball,2011,82,m,m,m,511,13269,4%,96%
9017,Monsters University,2013,286,m,m,m,877,5733,13%,87%
9021,Mr. & Mrs. Smith,2005,252,m,f,m,2104,2734,43%,57%
9056,The Others,2001,148,m,m,m,6261,854,88%,12%
9222,Wedding Crashers,2005,283,m,m,m,3322,16459,17%,83%
9236,World War Z,2013,216,m,m,m,412,4569,8%,92%
9247,Lee Daniels' The Butler,2013,125,m,f,m,2359,6924,25%,75%